,Supplier_Lead_Time,Inventory_Levels,Order_Frequency,Delivery_Performance,Cost_Per_Unit
Supplier_Lead_Time,1.0,0.20161756565729655,-0.9027574083046632,-0.9350318753537608,0.9594030576196507
Inventory_Levels,0.20161756565729655,1.0,-0.211279944113387,-0.170915145286673,0.16540103983241916
Order_Frequency,-0.9027574083046632,-0.211279944113387,1.0,0.8352273997338052,-0.8366436324670466
Delivery_Performance,-0.9350318753537608,-0.170915145286673,0.8352273997338052,1.0,-0.9281898444353412
Cost_Per_Unit,0.9594030576196507,0.16540103983241916,-0.8366436324670466,-0.9281898444353412,1.0
